slug,name
abmahnungen-vermeiden,"Abmahnungen vermeiden"
amazon-video,"Amazon Video (DE)"
sichere-kommunikation,"Anonyme Kommunikation"
schutz-vor-hackerviren,"Firewall &amp; Schutz"
maximale-anonymitaet,"Hohe Anonymität"
netflix-deutschland,"Netflix (DE)"
nutzung-in-china,"Nutzung in China"
datensicherheit,"Sichere Datenübertragung"
skygo,"SkyGo (DE)"
lokale-sperren-umgehen,"Sperren umgehen"
tvvideo-inhalte-andere-laender,"Streaming (Urheberr.)"
tauschboersen-torrent,Tauschbörsen/Torrents
anbindung-tor,"TOR (.onion) Zugang"
vpn-router,"VPN-Router (ASUS)"
